query	time	cardinality
LS-Q3.sparql	1.9771578312	17
HS-Q4.sparql	3.3936820030	113
LS-Q5.sparql	0.4248559475	0
HS-Q1.sparql	0.4166219234	0
HS-Q2.sparql	0.4476840496	0
LS-Q2.sparql	1.9563250542	13
LS-Q4.sparql	2.0330731869	317
HS-Q3.sparql	0.4411249161	0
HS-Q5.sparql	0.4434900284	0
LS-Q1.sparql	0.9448699951	2
